{"text": " Test, 1, 2, 3, test, test, test.", "segments": [{"id": 0, "seek": 0, "start": 0.0, "end": 2.44, "text": " Test, 1, 2, 3, test, test, test.", "tokens": [50364, 9279, 11, 502, 11, 568, 11, 805, 11, 1500, 11, 1500, 11, 1500, 13, 50486], "temperature": 0.0, "avg_logprob": -0.526576322667739, "compression_ratio": 1.1428571428571428, "no_speech_prob": 0.3002645671367645}], "language": "fr"}